Engraver,File
Röder,PMLP99715-Glass.L - Piano Trio Op19 cello.pdf
Röder,SIBLEY1802.14256.8170-39087011120633vol 3.pdf
Röder,SIBLEY1802.5437.0754-39087009411515no10 violin2.pdf
Röder,PMLP722337-palaschko-tonbilder-3-tourbillon-fixed-3.pdf
Röder,PMLP644273-zil 4.pdf
Röder,"PMLP899547-MBruch Lieder und Tanze, Op.79 score.pdf"
Röder,"PMLP206881-Glazunov - Stenka Razin, Op. 13 (orch. score).pdf"
Röder,PMLP874984-combinepdf.pdf
Röder,SIBLEY1802.7237.2ef5-39087009332521cello.pdf
Röder,PMLP79748-Suk Serenade op. 6 Violine 2.compressed.pdf
Röder,PMLP861561-Kontski Apollinaire Op.13 CBN.pdf
Röder,PMLP738714-Dusch LiederOp8.pdf
Röder,SIBLEY1802.19562.1c98-39087012749638score.pdf
Röder,Blumenfeld - Op.38 - 6 Morceaux.pdf
Röder,SIBLEY1802.10946.0708-39087004932309score.pdf
Röder,SIBLEY1802.18278.4736-39087009272560color cover.pdf
Röder,"PMLP779193-OFetras Wintergarten-Quadrille, Op.37.pdf"
Röder,PMLP483964-JadassohnSextet Vn1part.pdf
Röder,"PMLP1049883-ARubinstein Faust, Op.68 fullscore.pdf"
Röder,PMLP598444-PT H SCHRO 12 1 pos ed2.pdf
Röder,PMLP716026-Nau Fant 5 pts.pdf
Röder,PMLP816411-Stojowski Z - Deux Caprices-Etudes Op.2 Nr 1.pdf
Röder,"PMLP498897-HvHerzogenberg Allotria, Op.33 heft2.pdf"
Röder,PMLP165936-kuhmstedtopus40 1.pdf
Röder,PMLP157323-dvorakDerBauerEinSchelmovertureClarinets (A).pdf
Röder,Sinding - Op.22 No.4.pdf
Röder,PMLP823031-Slunicko MarschOp61No4.pdf
Röder,"PMLP998367-CFaisst 3 Stucke, Op.7 No.2.pdf"
Röder,PMLP894048-Caten Op 3 sc pt.pdf
Röder,PMLP140949-REINECKE- Concert fur die HarfePart 2.pdf
Röder,"PMLP707113-RRadecke Overture to King John, Op.25 fullscore.pdf"
Röder,"KAUFFMANN, F - Quintet op.40.pdf"
Röder,PMLP80646-Wagner Violin Concerto Violin Part.pdf
Röder,"PMLP1058121-CReinecke 24 Kleinere Studien, Op.137 Book3.pdf"
Röder,PMLP580852-Blum 2.pdf
Röder,PMLP790002-Violin 1.pdf
Röder,SIBLEY1802.10254.a426-39087009458060 viola.pdf
Röder,PMLP534595-CDAlbert Flauto Solo libretto.pdf
Röder,PMLP58065-Saint-Saens - Violin Concerto No 1 in A Op 20.pdf
Röder,Rietz Concertstück op.41 parts.pdf
Röder,PMLP959643-Volkmann Robert op28.pdf
Röder,PMLP101023-Samson - Ballade for Piano Trio Op45 cello.pdf
Röder,PMLP572598-1417529383bsb00083924.2-16.pdf
Röder,"PMLP786316-OFetras Schäfertanz, Op.132.pdf"
Röder,PMLP325244-ABG Op40 2.pdf
Röder,SIBLEY1802.10887.bb36-39087004920692score.pdf
Röder,PMLP46689-Dvorak-Op066.Viola.pdf
Röder,"PMLP164091-Renner, Josef jun., Organ Suite, Op.56, 4. Trio.pdf"
Röder,"PMLP15897-Fauré - Ballade, Op. 19 (orch. score).pdf"
Röder,PMLP628898-Popper - Tarantella No2 Op57 in D major for cello and piano VC.pdf
Röder,"PMLP996317-MSchweikert 4 Gedichte, Op.11.pdf"
Röder,PMLP485845-R 12.pdf
Röder,SIBLEY1802.5437.013b-39087009411499no1 viola.pdf
Röder,SIBLEY1802.6993.18447.145c-39087009087810vn.pdf
Röder,PMLP559505-Meyer-Olbersleben op.7 Klaviertrio mono.pdf
Röder,"PMLP216242-J.C. Bach-Einstein Sinfonia Concertante in A major, W.C 34 - Violins II.pdf"
Röder,PMLP46632-Dvorak-Sym4.Trombone.pdf
Röder,"PMLP274346-WBargiel Ouverture zu einem trauerspiel, Op.18 fs.pdf"
Röder,PMLP394070-LachnerV op.80 Vineta vs.pdf
Röder,SIBLEY1802.20263.176e-39087012862852score.pdf
Röder,"PMLP420814-ADietrich Violin Concerto, Op.30 cello and bass.pdf"
Röder,"PMLP524546-WRudnick 25 kleinere Orgelstücke in den gebräuchlichsten Dur- und Moll-Tonarten, Op.25.pdf"
Röder,PMLP11042-02. LISZT -- ST. FRANCIS OF ASSISI - Oboe 1-2.pdf
Röder,PMLP83009-39087009332463color cover.pdf
Röder,SIBLEY1802.7851.3601-39087009278542viola.pdf
Röder,SIBLEY1802.32929.9ac2-39087012931459pno2.pdf
Röder,"PMLP506834-RvPerger String Quartet No.3, Op.15 violin1.pdf"
Röder,CuiVil 00 Introduction.pdf
Röder,SIBLEY1802.7885.5af2-39087009316052cello.pdf
Röder,PMLP748532-Beriot op.55 Score mvt3.pdf
Röder,SIBLEY1802.21498.cb78-39087009889991book 7.pdf
Röder,PMLP700446-Behr 4PianoPiecesNo3.pdf
Röder,PMLP15344-Mozart Klavierkonzert 17 KV453 Bearbeitung Lachner piano.pdf
Röder,"PMLP590899-Karganov Album Lyrique, Op.20 Bk.1 No.2 - Pensée fugitive.pdf"
Röder,PMLP142612-Moor - Suite for 2 Cellos Op110 score.pdf
Röder,PMLP818223-Zarebski J - Etrennes Op. 27.pdf
Röder,PMLP1213150-B1-Ma-nner.pdf
Röder,SIBLEY1802.6402.16514.6b47-39087012934362op29piano.pdf
Röder,"PMLP221087-KREUTZER, C. Easy Piano Trio Op 23-1 VN VC PF.pdf"
Röder,"PMLP790013-OFetras Hahnen-Rheinländer, Op.167.pdf"
Röder,PMLP985398-georg V works vol4.pdf
Röder,PMLP185784-brambach op69.pdf
Röder,PMLP173709-SStojowski 3 Intermèdes Op.4.pdf
Röder,PMLP935004-Lindblad string quartet nr6 vlnI.pdf
Röder,PMLP675824-PT FRANKE PTS ed3.pdf
Röder,PMLP211596-Rheinberger - 166 - Suite vl.pf.(org.).pdf
Röder,"PMLP468625-Viotta, Henri d 1933 Conc Fant vc orch sc ed.pdf"
Röder,"PMLP20767-HBertini 24 Etudes, Op.29 Ruthardt.pdf"
Röder,PMLP156347-IMSLP342802-PMLP156347-ARubinstein Concert Overture Op.60 Basses.pdf
Röder,PMLP66116-Hausegger - Natursymphonie.pdf
Röder,SIBLEY1802.3213.ad56-39087012462679colorcover.pdf
Röder,PMLP37437-HuberConcertoOp113.pdf
Röder,PMLP477645-Niemann op.86 Pharaonenland.pdf
Röder,PMLP139823-IMSLP303962-PMLP139823-RFuchs Serenade No.3 Op.21 hires Cellos.pdf
Röder,PMLP120255-M-ynarski E - Concerto op.11 Piano score.pdf
Röder,"PMLP89701-FLanger Flute Concerto, Op.3 orchparts.pdf"
Röder,SIBLEY1802.6822.e366-39087009258791bassoon.pdf
Röder,SIBLEY1802.11147.fd6a-39087008524623violin.pdf
Röder,"PMLP322446-HPfitzner 3 Lieder, Op.10 No.1 violinpiano2.pdf"
Röder,PMLP139823-IMSLP303962-PMLP139823-RFuchs Serenade No.3 Op.21 hires Violin I.pdf
Charles-Nicholas Richomme (fl.1776-1827),PMLP738805-200 c IMSLP471589-PMLP765505-collectioncomplt00hayd.3va.pdf
Charles-Nicholas Richomme (fl.1776-1827),PMLP739339-242 IMSLP471747-PMLP765505-collectioncomplt00haydm.4vc.pdf
Charles-Nicholas Richomme (fl.1776-1827),PMLP738798-176 IMSLP471747-PMLP765505-collectioncomplt00haydm.4vc.pdf
Charles-Nicholas Richomme (fl.1776-1827),PMLP660389-62 IMSLP471744-PMLP765505-collectioncomplt00haydm.1v1.pdf
Charles-Nicholas Richomme (fl.1776-1827),PMLP707319-166 IMSLP471747-PMLP765505-collectioncomplt00haydm.4vc.pdf
Charles-Nicholas Richomme (fl.1776-1827),PMLP658851-1 cc IMSLP471587-PMLP765505-collectioncomplt00hayd.1vn1.pdf
Charles-Nicholas Richomme (fl.1776-1827),PMLP678741-114 IMSLP471747-PMLP765505-collectioncomplt00haydm.4vc.pdf
Charles-Nicholas Richomme (fl.1776-1827),PMLP738851-210 c IMSLP471590-PMLP765505-collectioncomplt00hayd.4vc.pdf
Charles-Nicholas Richomme (fl.1776-1827),PMLP659851-52 c IMSLP471588-PMLP765505-collectioncomplt00hayd.2vn2.pdf
Charles-Nicholas Richomme (fl.1776-1827),PMLP658851-1 cc IMSLP471587-PMLP765505-collectioncomplt00hayd.1vn1.pdf
Charles-Nicholas Richomme (fl.1776-1827),PMLP659293-20 IMSLP471746-PMLP765505-collectioncomplt00haydm.3va.pdf
Charles-Nicholas Richomme (fl.1776-1827),PMLP661519-80 c IMSLP471587-PMLP765505-collectioncomplt00hayd.1vn1.pdf
Charles-Nicholas Richomme (fl.1776-1827),PMLP685205-148 c IMSLP471588-PMLP765505-collectioncomplt00hayd.2vn2.pdf
Charles-Nicholas Richomme (fl.1776-1827),PMLP660389-54 c IMSLP471589-PMLP765505-collectioncomplt00hayd.3va.pdf
Charles-Nicholas Richomme (fl.1776-1827),PMLP662989-108 IMSLP471744-PMLP765505-collectioncomplt00haydm.1v1.pdf
Charles-Nicholas Richomme (fl.1776-1827),PMLP739340-270 IMSLP471745-PMLP765505-collectioncomplt00haydm.2v2.pdf
Charles-Nicholas Richomme (fl.1776-1827),PMLP661522-73 c IMSLP471590-PMLP765505-collectioncomplt00hayd.4vc.pdf
Charles-Nicholas Richomme (fl.1776-1827),PMLP658851-1 cc IMSLP471587-PMLP765505-collectioncomplt00hayd.1vn1.pdf
Charles-Nicholas Richomme (fl.1776-1827),PMLP661521-78 c IMSLP471588-PMLP765505-collectioncomplt00hayd.2vn2.pdf
Charles-Nicholas Richomme (fl.1776-1827),PMLP658851-1 cc IMSLP471587-PMLP765505-collectioncomplt00hayd.1vn1.pdf
Charles-Nicholas Richomme (fl.1776-1827),PMLP658851-1 cc IMSLP471587-PMLP765505-collectioncomplt00hayd.1vn1.pdf
Charles-Nicholas Richomme (fl.1776-1827),PMLP658851-1 cc IMSLP471587-PMLP765505-collectioncomplt00hayd.1vn1.pdf
Charles-Nicholas Richomme (fl.1776-1827),PMLP685208-144 c IMSLP471589-PMLP765505-collectioncomplt00hayd.3va.pdf
Charles-Nicholas Richomme (fl.1776-1827),PMLP685205-136 IMSLP471746-PMLP765505-collectioncomplt00haydm.3va.pdf
Charles-Nicholas Richomme (fl.1776-1827),PMLP658851-1 cc IMSLP471587-PMLP765505-collectioncomplt00hayd.1vn1.pdf
Charles-Nicholas Richomme (fl.1776-1827),PMLP707319-164 c IMSLP471589-PMLP765505-collectioncomplt00hayd.3va.pdf
Charles-Nicholas Richomme (fl.1776-1827),PMLP658859-15 c IMSLP471589-PMLP765505-collectioncomplt00hayd.3va.pdf
Charles-Nicholas Richomme (fl.1776-1827),PMLP678742-118 c IMSLP471589-PMLP765505-collectioncomplt00hayd.3va.pdf
Charles-Nicholas Richomme (fl.1776-1827),PMLP678740-122 c IMSLP471588-PMLP765505-collectioncomplt00hayd.2vn2.pdf
Charles-Nicholas Richomme (fl.1776-1827),PMLP662988-90 c IMSLP471588-PMLP765505-collectioncomplt00hayd.2vn2.pdf
Charles-Nicholas Richomme (fl.1776-1827),PMLP738790-172 IMSLP471747-PMLP765505-collectioncomplt00haydm.4vc.pdf
Charles-Nicholas Richomme (fl.1776-1827),PMLP659296-31 c IMSLP471588-PMLP765505-collectioncomplt00hayd.2vn2.pdf
Charles-Nicholas Richomme (fl.1776-1827),PMLP739701-336 c IMSLP471587-PMLP765505-collectioncomplt00hayd.1vn1.pdf
Charles-Nicholas Richomme (fl.1776-1827),PMLP685204-134 c IMSLP471590-PMLP765505-collectioncomplt00hayd.4vc.pdf
Charles-Nicholas Richomme (fl.1776-1827),PMLP738882-234 IMSLP471745-PMLP765505-collectioncomplt00haydm.2v2.pdf
Charles-Nicholas Richomme (fl.1776-1827),PMLP738805-202 IMSLP471747-PMLP765505-collectioncomplt00haydm.4vc.pdf
Charles-Nicholas Richomme (fl.1776-1827),PMLP738884-222 c IMSLP471590-PMLP765505-collectioncomplt00hayd.4vc.pdf
Charles-Nicholas Richomme (fl.1776-1827),PMLP738883-218 c IMSLP471590-PMLP765505-collectioncomplt00hayd.4vc.pdf
Charles-Nicholas Richomme (fl.1776-1827),PMLP661523-76 c IMSLP471590-PMLP765505-collectioncomplt00hayd.4vc.pdf
Charles-Nicholas Richomme (fl.1776-1827),PMLP659296-30 IMSLP471744-PMLP765505-collectioncomplt00haydm.1v1.pdf
Charles-Nicholas Richomme (fl.1776-1827),PMLP658851-1 cc IMSLP471587-PMLP765505-collectioncomplt00hayd.1vn1.pdf
Charles-Nicholas Richomme (fl.1776-1827),PMLP678741-126 c IMSLP471588-PMLP765505-collectioncomplt00hayd.2vn2.pdf
Charles-Nicholas Richomme (fl.1776-1827),PMLP738882-214 IMSLP471746-PMLP765505-collectioncomplt00haydm.3va.pdf
Charles-Nicholas Richomme (fl.1776-1827),PMLP678739-106 IMSLP471747-PMLP765505-collectioncomplt00haydm.4vc.pdf
Charles-Nicholas Richomme (fl.1776-1827),PMLP739337-306 c IMSLP471587-PMLP765505-collectioncomplt00hayd.1vn1.pdf
Charles-Nicholas Richomme (fl.1776-1827),PMLP678739-140 c IMSLP471587-PMLP765505-collectioncomplt00hayd.1vn1.pdf
Charles-Nicholas Richomme (fl.1776-1827),PMLP658851-1 cc IMSLP471587-PMLP765505-collectioncomplt00hayd.1vn1.pdf
Charles-Nicholas Richomme (fl.1776-1827),PMLP765505-collectioncomplt00haydm.3va.pdf
Charles-Nicholas Richomme (fl.1776-1827),PMLP630926-186 c IMSLP471590-PMLP765505-collectioncomplt00hayd.4vc.pdf
Charles-Nicholas Richomme (fl.1776-1827),PMLP738560-168 c IMSLP471589-PMLP765505-collectioncomplt00hayd.3va.pdf
Charles-Nicholas Richomme (fl.1776-1827),PMLP739339-318 c IMSLP471587-PMLP765505-collectioncomplt00hayd.1vn1.pdf
Charles-Nicholas Richomme (fl.1776-1827),PMLP658854-6 c IMSLP471587-PMLP765505-collectioncomplt00hayd.1vn1.pdf
Charles-Nicholas Richomme (fl.1776-1827),PMLP630979-194 c IMSLP471590-PMLP765505-collectioncomplt00hayd.4vc.pdf
Charles-Nicholas Richomme (fl.1776-1827),PMLP659850-47 IMSLP471745-PMLP765505-collectioncomplt00haydm.2v2.pdf
Charles-Nicholas Richomme (fl.1776-1827),PMLP630979-194 IMSLP471747-PMLP765505-collectioncomplt00haydm.4vc.pdf
Charles-Nicholas Richomme (fl.1776-1827),PMLP658851-1 cc IMSLP471587-PMLP765505-collectioncomplt00hayd.1vn1.pdf
Charles-Nicholas Richomme (fl.1776-1827),PMLP658851-1 cc IMSLP471587-PMLP765505-collectioncomplt00hayd.1vn1.pdf
Charles-Nicholas Richomme (fl.1776-1827),PMLP658851-1 cc IMSLP471587-PMLP765505-collectioncomplt00hayd.1vn1.pdf
Charles-Nicholas Richomme (fl.1776-1827),PMLP659848-40 c IMSLP471590-PMLP765505-collectioncomplt00hayd.4vc.pdf
Charles-Nicholas Richomme (fl.1776-1827),PMLP662988-80 c IMSLP471590-PMLP765505-collectioncomplt00hayd.4vc.pdf
Charles-Nicholas Richomme (fl.1776-1827),PMLP659848-42 c IMSLP471588-PMLP765505-collectioncomplt00hayd.2vn2.pdf
Charles-Nicholas Richomme (fl.1776-1827),PMLP739331-228 IMSLP471746-PMLP765505-collectioncomplt00haydm.3va.pdf
Charles-Nicholas Richomme (fl.1776-1827),PMLP630989-188 c IMSLP471589-PMLP765505-collectioncomplt00hayd.3va.pdf
Charles-Nicholas Richomme (fl.1776-1827),PMLP658851-1 cc IMSLP471587-PMLP765505-collectioncomplt00hayd.1vn1.pdf
Charles-Nicholas Richomme (fl.1776-1827),PMLP630976-181 IMSLP471746-PMLP765505-collectioncomplt00haydm.3va.pdf
Charles-Nicholas Richomme (fl.1776-1827),PMLP660390-56 c IMSLP471589-PMLP765505-collectioncomplt00hayd.3va.pdf
Charles-Nicholas Richomme (fl.1776-1827),PMLP658851-1 cc IMSLP471587-PMLP765505-collectioncomplt00hayd.1vn1.pdf
Charles-Nicholas Richomme (fl.1776-1827),PMLP659851-56 IMSLP471744-PMLP765505-collectioncomplt00haydm.1v1.pdf
Charles-Nicholas Richomme (fl.1776-1827),PMLP662991-100 IMSLP471745-PMLP765505-collectioncomplt00haydm.2v2.pdf
Charles-Nicholas Richomme (fl.1776-1827),PMLP685206-140 IMSLP471747-PMLP765505-collectioncomplt00haydm.4vc.pdf
Charles-Nicholas Richomme (fl.1776-1827),PMLP661524-86 IMSLP471745-PMLP765505-collectioncomplt00haydm.2v2.pdf
Charles-Nicholas Richomme (fl.1776-1827),PMLP662991-90 c IMSLP471590-PMLP765505-collectioncomplt00hayd.4vc.pdf
Charles-Nicholas Richomme (fl.1776-1827),PMLP660391-74 c IMSLP471587-PMLP765505-collectioncomplt00hayd.1vn1.pdf
Charles-Nicholas Richomme (fl.1776-1827),PMLP739334-252 IMSLP471745-PMLP765505-collectioncomplt00haydm.2v2.pdf
Charles-Nicholas Richomme (fl.1776-1827),PMLP662990-86 c IMSLP471590-PMLP765505-collectioncomplt00hayd.4vc.pdf
Charles-Nicholas Richomme (fl.1776-1827),PMLP659847-40 IMSLP471744-PMLP765505-collectioncomplt00haydm.1v1.pdf
Charles-Nicholas Richomme (fl.1776-1827),PMLP685206-152 IMSLP471745-PMLP765505-collectioncomplt00haydm.2v2.pdf
Charles-Nicholas Richomme (fl.1776-1827),PMLP658851-1 cc IMSLP471587-PMLP765505-collectioncomplt00hayd.1vn1.pdf
Charles-Nicholas Richomme (fl.1776-1827),PMLP658851-1 cc IMSLP471587-PMLP765505-collectioncomplt00hayd.1vn1.pdf
Charles-Nicholas Richomme (fl.1776-1827),PMLP659296-31 IMSLP471745-PMLP765505-collectioncomplt00haydm.2v2.pdf
Charles-Nicholas Richomme (fl.1776-1827),PMLP662993-99 c IMSLP471589-PMLP765505-collectioncomplt00hayd.3va.pdf
Charles-Nicholas Richomme (fl.1776-1827),PMLP630989-190 IMSLP471747-PMLP765505-collectioncomplt00haydm.4vc.pdf
Charles-Nicholas Richomme (fl.1776-1827),PMLP660388-52 IMSLP471746-PMLP765505-collectioncomplt00haydm.3va.pdf
Charles-Nicholas Richomme (fl.1776-1827),PMLP658851-1 cc IMSLP471587-PMLP765505-collectioncomplt00hayd.1vn1.pdf
Charles-Nicholas Richomme (fl.1776-1827),PMLP659297-34 IMSLP471747-PMLP765505-collectioncomplt00haydm.4vc.pdf
Charles-Nicholas Richomme (fl.1776-1827),PMLP660391-66 c IMSLP471588-PMLP765505-collectioncomplt00hayd.2vn2.pdf
Charles-Nicholas Richomme (fl.1776-1827),PMLP738834-224 c IMSLP471588-PMLP765505-collectioncomplt00hayd.2vn2.pdf
Charles-Nicholas Richomme (fl.1776-1827),PMLP659297-32 IMSLP471746-PMLP765505-collectioncomplt00haydm.3va.pdf
Charles-Nicholas Richomme (fl.1776-1827),PMLP739701-280 IMSLP471745-PMLP765505-collectioncomplt00haydm.2v2.pdf
Charles-Nicholas Richomme (fl.1776-1827),PMLP461847-46 IMSLP471747-PMLP765505-collectioncomplt00haydm.4vc.pdf
Charles-Nicholas Richomme (fl.1776-1827),PMLP739339-246 IMSLP471746-PMLP765505-collectioncomplt00haydm.3va.pdf
Charles-Nicholas Richomme (fl.1776-1827),PMLP630992-198 IMSLP471747-PMLP765505-collectioncomplt00haydm.4vc.pdf
Charles-Nicholas Richomme (fl.1776-1827),PMLP630992-196 IMSLP471746-PMLP765505-collectioncomplt00haydm.3va.pdf
Charles-Nicholas Richomme (fl.1776-1827),PMLP658851-1 cc IMSLP471587-PMLP765505-collectioncomplt00hayd.1vn1.pdf
Charles-Nicholas Richomme (fl.1776-1827),PMLP707314-212 IMSLP471744-PMLP765505-collectioncomplt00haydm.1v1.pdf
Charles-Nicholas Richomme (fl.1776-1827),PMLP659298-36 IMSLP471745-PMLP765505-collectioncomplt00haydm.2v2.pdf
Charles-Nicholas Richomme (fl.1776-1827),PMLP658851-1 cc IMSLP471587-PMLP765505-collectioncomplt00hayd.1vn1.pdf
Charles-Nicholas Richomme (fl.1776-1827),PMLP658851-1 cc IMSLP471587-PMLP765505-collectioncomplt00hayd.1vn1.pdf
Charles-Nicholas Richomme (fl.1776-1827),PMLP658859-14 IMSLP471744-PMLP765505-collectioncomplt00haydm.1v1.pdf
Charles-Nicholas Richomme (fl.1776-1827),PMLP658851-1 cc IMSLP471587-PMLP765505-collectioncomplt00hayd.1vn1.pdf
Brandstetter,PMLP45859-Andersen Impromptu No1 Op7.pdf
Brandstetter,"PMLP499923-JDiebold Laudate Dominum in Organo, Op.105.pdf"
Brandstetter,PMLP100753-Lazarus - Piano Trio Op55 colorcover.pdf
Brandstetter,SIBLEY1802.18045.6fc1-39087009036403clarinet.pdf
Brandstetter,"PMLP417416-JDiebold-editor-25 Grössere und kleinere Orgelstücke im engen Anschlusse an die katholische Liturgie, Op.54b.pdf"
Brandstetter,"PMLP1003717-LGreger Kindestraume, Op.21.pdf"
Brandstetter,"PMLP624235-FWüllner 4 Lieder, Op.38 No.1 NMZ 1884 19.pdf"
Brandstetter,PMLP524825-AOttenwälder 3 Tonstücke für Orgel.pdf
Brandstetter,PMLP853533-Zelenski op.51.pdf
Brandstetter,"PMLP446638-CBreitenbach Confitebor, Op.7.pdf"
Brandstetter,"PMLP624226-AReiser Diebstahl, OP.81 NMZ 1884 17.pdf"
Brandstetter,PMLP477208-Serenade Paulus.pdf
Brandstetter,SIBLEY1802.4889.12195.34bf-39087011964709colorcovers.pdf
Brandstetter,PMLP811939-MeyerHelmund op139No1.pdf
Brandstetter,PMLP924861-Cello.pdf
Brandstetter,PMLP145182-SCHUECKER marcia fantastica.pdf
Brandstetter,PMLP53026-ALortzing Overture to Der Waffenschmied string-quartet-parts FBurald.pdf
Brandstetter,PMLP128692-Karg-Elert Trio Ob.pdf
Brandstetter,PMLP863203-KBamberg Posaunen-Trios.pdf
Brandstetter,PMLP162669-IMSLP337413-PMLP162669-LWeiner Serenade Op.3 Oboes.pdf
Brandstetter,"PMLP446399-CBreitenbach Magnificat, Op.2.pdf"
Brandstetter,PMLP924861-Viola.pdf
Brandstetter,"PMLP621588-GNiemann Weihnachtsmärchen, Op.20a NMZ 1882 23.pdf"
Brandstetter,PMLP120618-E399789 18-35-LAbel 50 Violin-Duette volume3.pdf
Brandstetter,PMLP676680- Cl Breitenbach 7 Fest-Orgelstucke op23.pdf
Brandstetter,"PMLP624228-PGaide Mazurka brillante, Op.11 NMZ 1884 17.pdf"
Brandstetter,PMLP477202-Paulus Novelette mono.pdf
Brandstetter,PMLP624231-FBehr Blumenlieder NMZ 1884 18.pdf
Brandstetter,"PMLP09130-Debussy, Claude-D'un cahier d'Esquisses Schott 5104 scan.pdf"
Brandstetter,PMLP815127-Frommer LiedOp22No1.pdf
Brandstetter,PMLP53023-ALortzing Overture to Undine flute-string-quartet FBurald.pdf
Brandstetter,SIBLEY1802.14451.8862-39087009888258score.pdf
Brandstetter,"PMLP622917-FBehr Rheinwogen, Op.478 NMZ 1883 18.pdf"
Brandstetter,"PMLP826866-CGrammann Violin Sonata, Op.45 score color.pdf"
Brandstetter,"PMLP209825-FBehr Plappermäulchen, Op.500 NMZ 1885 6.pdf"
Brandstetter,PMLP622829-BCooper FBehr Zwiegespräch NMZ 1883 17.pdf
Brandstetter,PMLP53026-ALortzing Overture to Der Waffenschmied string-quintet-parts FBurald.pdf
Brandstetter,"PMLP624079-AWerner Und könnt' ich noch nicht beten, Op.16 No.1 NMZ 1884 13.pdf"
Brandstetter,SIBLEY1802.17399.6608-39087011244821color cover.pdf
Brandstetter,Koessler Sextet in F va2-vc2.pdf
Brandstetter,PMLP204387-6 - Rühr mich nicht an.pdf
Brandstetter,PMLP738650-Joseph Nowialis Missa in hon. S. Leonardi.pdf
Brandstetter,PMLP676666-Cl Breitenbach Orgel-Wademecum op16.pdf
Brandstetter,"PMLP739067-Oberthür-Adieu, impromptu pour la harpe.pdf"
Brandstetter,PMLP621243-Rohde Zwie 143 2 vl ed.pdf
Brandstetter,"PMLP198204-CBohm 3 Stücke, Op.257 No.1 NMZ 1882 23.pdf"
Brandstetter,"PMLP525429-JGHerzog 21 Tonstücke, Op.60.pdf"
Brandstetter,PMLP769520-Berger op7.pdf
Brandstetter,"PMLP599524-Zelenski, Wladyslaw - 44 Oda do mlodosci - Mars uroczysty Op.44.pdf"
Brandstetter,"PMLP620314-AHennes Badeerinnerungen, Op.262 No.4 NMZ 1881 17.pdf"
Brandstetter,PMLP1275454-Beck 11 DL.pdf
Brandstetter,Melcer (1925) Fantaisie.pdf
Brandstetter,PMLP477660-NiemannWalterSonata3 IModeratoeserioso.pdf
Brandstetter,PMLP524082-dachs21score.pdf
Brandstetter,PMLP622929-GHamm Sehnsucht nach dem Fruhling NMZ 1883 21.pdf
Brandstetter,"PMLP924861-RThiele String Quartet No.3 in Comic Style, Op.45 parts.pdf"
Brandstetter,PMLP622037-Jensen Nocturno both vc vl pts131.pdf
Brandstetter,PMLP108204-Samara SerenadeNo5 Violin.pdf
Brandstetter,SIBLEY1802.8261.a937-39087009458276violin 1.pdf
Brandstetter,"PMLP621245-CBohm Plein carrière, Op.259 No.1 NMZ 1882 10.pdf"
Brandstetter,PMLP224015-Alfredo Keil N.9 ChansonDuNord.pdf
Brandstetter,PMLP623212-LRietz Blumengrüsse NMZ 1883 24.pdf
Brandstetter,SIBLEY1802.8261.9e8f-39087009458276cello.pdf
Brandstetter,PMLP224033-AlfredoKeil N.9 EncoreAToi.pdf
Brandstetter,"PMLP525816-AOttenwälder Fest-Hymnus, Op.6.pdf"
Brandstetter,"PMLP1003749-LGreger Wie der Rubin, Op.79.pdf"
Brandstetter,"PMLP24444-JBrahms Horn Trio, Op.40 cellopart SchnirlinEd.pdf"
Brandstetter,"PMLP21131-RWagner Fantasia, WWV22 secondedition.pdf"
Brandstetter,"PMLP625247-GGesslein Weihnachtstimmung, Op.21 NMZ 1885 24.pdf"
Brandstetter,"PMLP624793-LWenzel Jägerlied, Op.7 No.2 NMZ 1885 5.pdf"
Brandstetter,SIBLEY1802.8272.936f-39087009612096violin 2.pdf
Brandstetter,PMLP1004376-LGreger Ich wollt ich wär des Sturmes Weib low-voice.pdf
Brandstetter,"PMLP446645-CBreitenbach Ecce, Op.9.pdf"
Brandstetter,PMLP162669-IMSLP337413-PMLP162669-LWeiner Serenade Op.3 Viola.pdf
Brandstetter,PMLP624075-AHenselt Bescheidenes Glück NMZ 1884 13.pdf
Brandstetter,SurzynskiOp12.pdf
Brandstetter,PMLP24528-Koes Sx sc.pdf
Brandstetter,PMLP299887-Huber concertino psc.pdf
Brandstetter,"PMLP620866-AGülker Die Trennung, Op.9 NMZ 1882 7.pdf"
Brandstetter,"PMLP489879-AJMonar 12 Orgelstucke, Op.2.pdf"
Brandstetter,PMLP499157-Josef Renner jun Organum comitans Orgelbegleitung.pdf
Brandstetter,PMLP873856-SIBLEY1802.12822.9a1d-39087009422827violin.pdf
Brandstetter,PMLP162669-IMSLP337413-PMLP162669-LWeiner Serenade Op.3 Timpani Triangle.pdf
Brandstetter,PMLP621412-EAscher Erstes Grün NMZ 1882 12.pdf
Brandstetter,PMLP734005-rink ste.pdf
Brandstetter,PMLP98043-Reger - Cello Sonata No3 Op78 in F major score.pdf
Brandstetter,SIBLEY1802.9801.fbf2-39087009088461violin2.pdf
Brandstetter,SIBLEY1802.11435.95c5-39087004903151score.pdf
Brandstetter,"PMLP439794-FAbt 6 Lieder, Op.605 No.2 NMZ 1884 3.pdf"
Brandstetter,PMLP873856-SIBLEY1802.12822.cb02-39087009422827color cover.pdf
Brandstetter,"PMLP621848-REilenberg Frühlingsnahen, Op.35 NMZ 1883 5.pdf"
Brandstetter,"PMLP621830-VALoos Erinnerung an Altena, Op.14 NMZ 1883 4.pdf"
Brandstetter,PMLP144759-Heuser Pasto pts.pdf
Brandstetter,PMLP162669-IMSLP337413-PMLP162669-LWeiner Serenade Op.3 Trumpets (Bb).pdf
Brandstetter,"PMLP812957-EKania Album lyrique, Op.50 1a 1b.pdf"
Brandstetter,PMLP232865-Beauté - Romance.pdf
Brandstetter,PMLP162669-IMSLP337413-PMLP162669-LWeiner Serenade Op.3 Bassoons.pdf
Brandstetter,PMLP498894-Josef Renner jun. Messe B-dur op 37.pdf
Brandstetter,PMLP549091-Vianna da Motta Rhapsodia portugueza Nr.4.pdf
Brandstetter,"PMLP827297-CGrammann Piano Trio, Op.27 score parts.pdf"
Geidel,"PMLP791014-OFetras Spanisch-Polnisch, Op.175 colorcover.pdf"
Geidel,PMLP928190-Kronke 177 pt.pdf
Geidel,PMLP100763-Mikoray - Piano Quintet in E minor viola.pdf
Geidel,PMLP102294-toraulin4pieces.pdf
Geidel,"PMLP793265-OFetras Der Wandervogel, Op.189.pdf"
Geidel,PMLP112023-Koehler Fantaisie Arlequin Cello.pdf
Geidel,PMLP576618-PBlumenthal Harmonium-Album vol1.pdf
Geidel,SIBLEY1802.15836.6252-39087009279466score.pdf
Geidel,PMLP622534-Sackur Bres.pdf
Geidel,"PMLP791017-OFetras Auf hoher See, Op.176.pdf"
Geidel,PMLP58729-Goepfart Trio Op.74 Score Parts.pdf
Geidel,PMLP755799-Baselt Herrn Schmunzel's Brautwerbung.pdf
Geidel,PMLP100763-Mikoray - Piano Quintet in E minor colorcover.pdf
Geidel,SIBLEY1802.11353.6aa5-39087012933976op 16 score 1.pdf
Geidel,"PMLP629906-Niewiadomski, Stanislaw - 1859-1936 - Romance Op.16 no.1.pdf"
Geidel,PMLP100759-Mikorey - Piano Trio in B Major piano.pdf
Geidel,PMLP604826-Hoyer FluteSonata Flute.pdf
Geidel,"PMLP71800-SLyapunov Piano Sextet, Op.63 studyscore.pdf"
Geidel,SIBLEY1802.12497.8786-39087009305527score pp 61-end.pdf
Geidel,SIBLEY1802.11870.af74-39087012424794no 1.pdf
Geidel,"PMLP459017-PHungar String Quartet, Op.9 fullscore.pdf"
Geidel,PMLP721539-Melcer H - Trois morceaux Op. 5 No 2.pdf
Geidel,PMLP518233-Drd 51 Inter ed.pdf
Geidel,"PMLP720358-Niewiadomski S - Romance, Op. 16.PDF"
Geidel,SIBLEY1802.8083.ef7e-39087009030240guitar score.pdf
Geidel,Medtner Violin Sonata No.2 op.44.pdf
Geidel,"PMLP02373-FChopin Waltz, Op.61 No.1 flutepiano EPrill flutepart.pdf"
Geidel,"PMLP591417-Opus 63 Quartet for Piano, violin, viola and violoncello (Viola).pdf"
Geidel,SIBLEY1802.12648.b060-39087009391790flute.pdf
Geidel,"PMLP742339-EPrill 24 Technische Studien, Op.11.pdf"
Geidel,PMLP95357-Kohler - 16 Compositions Op45 No4 Violin Piano.pdf
Geidel,PMLP43708-Andersen Allegro Militaire Op48-2.pdf
Geidel,SIBLEY1802.7907.0a35-39087009495682chinoiseries color cover.pdf
Geidel,SIBLEY1802.956.c016-M312FriskinPhantasieNovello191-.pdf
Geidel,PMLP1140680-Koehler Orientalische serenade-6837- (1).pdf
Geidel,PMLP101367-Wermann - Sonate for Cello and Organ (or Piano) Op58 cello.pdf
Geidel,PMLP662017-PBenoit Herderskout pianoclarinet AMertens.pdf
Geidel,SIBLEY1802.4830.abf5-39087012850642Liebling color cover.pdf
Geidel,PMLP150484-Schuett op.30 Nr.6 Cantique d'Amour NMZ1907.pdf
Geidel,PMLP434354-Buechner Mascha Pascha op36 Flute.pdf
Geidel,PMLP416791-CReinecke Der Gouverneur von Tours vocalscore.pdf
Geidel,SIBLEY1802.13363.9cc1-39087012432912color cover.pdf
Geidel,SIBLEY1802.7021.a2f7-39087009089683v1.pdf
Geidel,PMLP1394526-Niemann Romantisches Impromptu op 31 for piano.pdf
Geidel,"PMLP791020-OFetras Quadrille nach Motiven aus Die keusche Susanne, Op.177.pdf"
Geidel,SIBLEY1802.7795.e73c-39087009069024viola.pdf
Geidel,PMLP497049-op206Heft9.pdf
Geidel,"PMLP795826-OFetras Lumbye-Fantasie, Op.215 piano.pdf"
Geidel,SIBLEY1802.12497.bf9f-39087009305527color cover.pdf
Geidel,"PMLP591417-Opus 63 Quartet for Piano, violin, viola and violoncello (Violoncello).pdf"
Geidel,SIBLEY1802.7024.f901-39087009089733v2.pdf
Geidel,PMLP159858-Haydn - Das Echo Suite for 4 Violins and 2 Cellos (Schroeder) zweites violin1.pdf
Geidel,PMLP755693-Becker Jubelklaenge.pdf
Geidel,PMLP682589-franzot ser ed.pdf
Geidel,PMLP488339-Kuyp PT pts ed.pdf
Geidel,"PMLP742298-EPrill Andante and Tarantelle, fromOp.6 score.pdf"
Geidel,SIBLEY1802.12354.f870-39087004927283flute.pdf
Geidel,"PMLP452658-AMichaelis Neue Praktische Schule fur das Harmonium, Op.14 book1.pdf"
Geidel,PMLP955954-Hollaender ViolinConcertoNo3Op66 Violin.pdf
Geidel,SIBLEY1802.11353.fa64-39087012933976op 16 score 3.pdf
Geidel,SIBLEY1802.9953.0a30-39087011326784score.pdf
Geidel,SIBLEY1802.9953.f695-39087011326784color covers.pdf
Geidel,Berger - Quintet Op.95 - score.pdf
Geidel,PMLP1075776-Prade 2Salonstuecke.pdf
Geidel,SIBLEY1802.11353.26a6-39087012933976op 16 score 4.pdf
Geidel,PMLP576618-PBlumenthal Harmonium-Album vol2.pdf
Geidel,"PMLP466060-KALorenz Karfreitag, Op.84.pdf"
Geidel,PMLP1333704-Enescu G - Scherzo.pdf
Geidel,PMLP604826-Hoyer FluteSonata Piano.pdf
Geidel,PMLP733195-Kuy Sere 8.pdf
Geidel,PMLP512810-Schroeder Motoperpetuoop15 Piano.pdf
Geidel,PMLP928781-Buchner 35.pdf
Geidel,PMLP1026280-Emborg op 53.pdf
Geidel,PMLP934357-Ko 81 ed.pdf
Geidel,SIBLEY1802.4225.78ad-39087009219157clarinet1.pdf
Geidel,PMLP637958-E394184 1-7-Vie 6 Weih Mo.pdf
Geidel,"PMLP09107-FBusoni An die Jugend, BV 254 No.2.pdf"
Geidel,PMLP458564-FReidl 30 Orgelstücke.pdf
Geidel,SIBLEY1802.15733.1bc8-39087009419872score.pdf
Geidel,PMLP971586-WvBaussnern Suite for Clarinet and Piano.pdf
Geidel,PMLP54288-LAZARUS 9 morceaux lyriques op. 137.pdf
Geidel,PMLP159858-Haydn - Das Echo Suite for 4 Violins and 2 Cellos (Schroeder) zweites violin2.pdf
Geidel,Ansorge Ballade.pdf
Geidel,PMLP120047-Kronke Bagatellen op162 Flute.pdf
Geidel,Liszt - S686 Draeseke Helges Treue.pdf
Geidel,PMLP1088995-Tarantella Bohme piano.pdf
Geidel,PMLP1088995-Bohme Tarantella Cornet solo .pdf
Geidel,"PMLP1303365-MJentsch Christweihe, Op.40 No.1.pdf"
Geidel,"PMLP1275599-WBrandt Militar-Marsch, Op.16 score-parts.pdf"
Geidel,SIBLEY1802.6986.bf35-39087009087653cello.pdf
Geidel,SIBLEY1802.7795.88d5-39087009069024violin 2.pdf
Geidel,"PMLP1117753-WBrandt Konzert-Polka, Op.13 score-part.pdf"
Geidel,PMLP721539-Melcer H - Trois morceaux Op. 5 No 3.pdf
Geidel,PMLP143827-Suter - String Sextet in C Major Op18 score.pdf
Geidel,PMLP318143-39087009495682pavots color cover.pdf
Geidel,"PMLP466271-KALorenz 3 geistliche Gesänge, Op.91 No.2.pdf"
Geidel,PMLP485152-Zabrel hp sc.pdf
Geidel,"PMLP1134751-MGulbins 3 Fest-Fantasien für Himmelfahrt und Pfingsten, Op.110.pdf"
Geidel,"PMLP791012-OFetras Willst du Liebe lernen, Op.174.pdf"
Geidel,PMLP380893-Hegar Morgen in.pdf
Eberle,SIBLEY1802.20917.760a-39087009223035violin1.pdf
Eberle,PMLP58634-00. BRUCKNER TE DEUM - Conductor Score.pdf
Eberle,SIBLEY1802.7060.18843.8ebd-39087009224009viola.pdf
Eberle,PMLP504516-lafite3.pdf
Eberle,PMLP805931-Vc Lac Polo ed.pdf
Eberle,PMLP127987-Graener Drei Impressionen UE.pdf
Eberle,"PMLP1265222-PMLUS03799-01 Konoye-Etenraku - Piccolo, Flute 1-2.pdf"
Eberle,"PMLP772108-E311175 11-18-LvBeethoven 3 String Trios, Op.9 cello Fitzner.pdf"
Eberle,SIBLEY1802.20917.6601-39087009223035cello1.pdf
Eberle,SIBLEY1802.7859.5cfc-39087009283708color cover.pdf
Eberle,PMLP130064-Fuchs op.079 Symphony No.3 1.Allegro maestoso fs Robi.pdf
Eberle,PMLP99478-Vc Op3.pdf
Eberle,PMLP502697-LvBeethoven Trios und Serenade flute Fitzner.pdf
Eberle,PMLP339245-Gall - rok 1905-7 4 pieśni lud wł 3i4.pdf
Eberle,PMLP1399665-Zerkovitz Fliederlied.pdf
Eberle,PMLP198235-Kodaly - Sonata Op8 for Cello Solo.pdf
Eberle,PMLP99478-Va Op3.pdf
Eberle,PMLP1123285-CMillocker Apajune der Wassermann vocalscore.pdf
Eberle,Brüll op.099 Drei Intermezzi 4hands.pdf
Eberle,PMLP617074-Forst sonatefurvioline00foer.pdf
Eberle,SIBLEY1802.8091.2bfd-39087008736805op 3 cello.pdf
Eberle,PMLP08022-Bach-BWV0913arRegerPf.pdf
Eberle,PMLP717668-Primosich op.10 Klaviertrio.pdf
Eberle,SIBLEY1802.17505.96d4-39087012868156score.pdf
Eberle,PMLP860281-NDIGMUZ005173.pdf
Eberle,SIBLEY1802.20927.c5ca-39087009272552score.pdf
Eberle,"PMLP458154-CBarnekow Violin Sonata, Op.23.pdf"
Eberle,PMLP1265222-PMLUS03803-05 Konoye-Etenraku - Bassoon 1-2.pdf
Eberle,"PMLP174709-ORieding Hungarian Concerto, Op.21 violinpart.pdf"
Eberle,PMLP53875-Bruckner - Messe in e-moll (first ed. Doblinger 1896).pdf
Eberle,"PMLP3647-04. BASSOONS 1, 2.pdf"
Eberle,PMLP1265222-PMLUS03800-02 Konoye-Etenraku - Oboe.pdf
Eberle,SIBLEY1802.10256.330a-39087009340698.pdf
Eberle,PMLP189299-Schreker - 2 Gesange Op.2No.1.pdf
Eberle,PMLP440736-Bass Reverie.pdf
Eberle,"PMLP690870-ABruckner Der Abendhimmel, WAB56 firstedition.pdf"
Eberle,Brüll op.097 Violinsonate Nr.4.pdf
Eberle,PMLP572617-Polovinkin Ereignisse IV&V op.12.pdf
Eberle,PMLP938540-fuchs serenade5 score.pdf
Eberle,"PMLP791008-OFetras Riskier mit mir nen Tanz, Op.173.pdf"
Eberle,"PMLP169430-ABruckner Os justi, WAB30 firstedition.pdf"
Eberle,PMLP399681-EL-unl-1105.pdf
Eberle,PMLP1265222-PMLUS03798-Konoye-Etenraku - Conductor Score.pdf
Eberle,PMLP1265222-PMLUS03809-11 Konoye-Etenraku - Violins I.pdf
Eberle,SIBLEY1802.7938.355c-39087009359490viola.pdf
Eberle,PMLP1265222-PMLUS03807-09 Konoye-Etenraku - Piano.pdf
Eberle,"PMLP748839-FWeingartner Blüten aus dem Osten, Op.63.pdf"
Eberle,PMLP53023-ALortzing Undine vocal-score WKienzl.pdf
Eberle,PMLP717668-primosich pt ed.pdf
Eberle,PMLP97861-Reger op.041 Violin Sonata No.3 Aibl UE.pdf
Eberle,PMLP174709-Rieding Conc ung sc pt.pdf
Eberle,PMLP08022-Bach-BWV0913arRegerPf.pdf
Eberle,PMLP90359-SIBLEY1802.7938.8200-39087009359490violin 1 (etc).pdf
Eberle,PMLP983765-JMarx Idylle fullscore.pdf
Eberle,"PMLP53875-ABruckner Mass No.2, WAB27 firstedition.pdf"
Eberle,"PMLP599253-WŻeleński 6 Characterstücke, Op.17 Book2.pdf"
Eberle,"PMLP53872-ABruckner Mass No.3, WAB28 firstedition fullscore.pdf"
Eberle,PMLP835839-MXED OCT MOLBE SERE 46.pdf
Eberle,PMLP643180-Heuberger Der Opernball V. Kratochwill Wien 1878.pdf
Eberle,"PMLP599253-WŻeleński 6 Characterstücke, Op.17 Book1.pdf"
Eberle,"PMLP623357-CGoldmark 4 Lieder, Op.21 highvoice UE.pdf"
Eberle,PMLP665776-PMLUS01423-ABerg Wozzeck vocalscore UE1923.pdf
Eberle,PMLP754292-Fischhof Tannhaeuser Paraphrase.pdf
Eberle,SIBLEY1802.7859.918f-39087009283708violin 2.pdf
Eberle,PMLP189303-Schreker - 2 Lieder Op.5.pdf
Eberle,PMLP399681-EL-unl-1107.pdf
Eberle,PMLP767959-Polona 38616344.pdf
Eberle,"PMLP14604-LvBeethoven Serenade, Op.25 violin Fitzner.pdf"
Eberle,SIBLEY1802.17339.b920-39087012929263score.pdf
Eberle,PMLP215985-Kodaly - Sonata Op4 for Cello and Piano vc.pdf
Eberle,PMLP103953-Rosas SobrelasOlas.pdf
Eberle,SIBLEY1802.15584.c556-39087009324452score.pdf
Eberle,PMLP1137105-Myaskovsky Erinnerungen op29.pdf
Eberle,SIBLEY1802.7060.18840.5db0-39087009224009cello2.pdf
Eberle,PMLP64722-Ethyl Smyth Score SQ in e minor.pdf
Eberle,PMLP595562-HMelcer Variations sur un theme de St. Moniuszko Le cosaque.pdf
Eberle,PMLP860090-Rychling - Polonaise in F.pdf
Eberle,"PMLP209303-ABruckner Christus factus est, WAB11 firstedition.pdf"
Eberle,PMLP898918-Mull H pno 5.pdf
Eberle,PMLP401767-Bass Valse de Concert.pdf
Eberle,"PMLP971773-PMLUS01433-OSiegl String Sextet, Op.28 score.pdf"
Eberle,PMLP502697-LvBeethoven Trios und Serenade cello Fitzner.pdf
Eberle,SIBLEY1802.20917.2c7c-39087009223035violin2.pdf
Eberle,"PMLP572615-Polovinkin Leonid - Evenement No. 3, Op. 10 (1924).pdf"
Eberle,"PMLP898915-CJMuller-Hermann Violin Sonata, Op.5 score color.pdf"
Eberle,"PMLP1316851-PMLUS04068-EKrenek 2 Suites for Piano, Op.26.pdf"
Eberle,"PMLP14604-LvBeethoven Serenade, Op.25 viola Fitzner.pdf"
Eberle,PMLP59089-BSmetana Der Kuss German vocal-score.pdf
Eberle,PMLP54377-ALortzing Die Opernprobe vocal score UE3173.pdf
Eberle,PMLP581365-smOpus 21 - -1 Gebet.pdf
Eberle,PMLP603261-EFriedberger String Quartet in D major score-grayscale.pdf
Eberle,SIBLEY1802.7087.e54f-39087009100522piano score.pdf
Eberle,PMLP1409526-PMLUS05398-Abramsky A - Einfache Rede.pdf
Eberle,PMLP603261-EFriedberger String Quartet in D major score.pdf
Eberle,"PMLP40923-LvBeethoven Serenade, Op.8 violin Fitzner.pdf"
Eberle,PMLP215985-Kodaly - Sonata Op4 for Cello and Piano pno.pdf
Eberle,SIBLEY1802.7087.4adf-39087009100522viola.pdf
Eberle,"PMLP1174291-JVockner 9 Lieder ohne Worte, Op.2 Book2.pdf"
Eberle,"PMLP691337-ABruckner Träumen und Wachen, WAB87 firstedition.pdf"
Eberle,PMLP190246-Schreker - 5 Lieder Op.4.pdf
Anders Högstedt,PMLP701454-10. Violini II.pdf
Anders Högstedt,PMLP702410-2. vn 2.pdf
Anders Högstedt,PMLP701858-10. tpts Bb.pdf
Anders Högstedt,PMLP706453-7. harp.pdf
Anders Högstedt,PMLP701858-9. euph tuba.pdf
Anders Högstedt,PMLP701126-Tirfing score pt 1.pdf
Anders Högstedt,PMLP687103-Symfoni nr 1 06 Oboe III.pdf
Anders Högstedt,PMLP123304-2. obs.pdf
Anders Högstedt,PMLP116891-Sonate No 2 E-moll fur Violine und Piano notes.pdf
Anders Högstedt,PMLP706453-9. vn1.pdf
Anders Högstedt,PMLP702087-Spastaras dod notes comb.pdf
Anders Högstedt,PMLP706953-Randel Andreas-VIolinkonert nr 1 notes.pdf
Anders Högstedt,PMLP702154-liten Karin act 2.pdf
Anders Högstedt,PMLP706453-12. vc.pdf
Anders Högstedt,PMLP702197-Proserpin notes comb.pdf
Anders Högstedt,PMLP706453-2. obs.pdf
Anders Högstedt,PMLP702200-11. Viola.pdf
Anders Högstedt,PMLP702074-4. bns.pdf
Anders Högstedt,PMLP704626-Praeludium og Andante notes.pdf
Anders Högstedt,PMLP701892-Konsertouverture score.pdf
Anders Högstedt,PMLP687103-Symfoni nr 1 12 Fagotto III.pdf
Anders Högstedt,PMLP687103-Symfoni nr 1 24 Trombone III.pdf
Anders Högstedt,PMLP120113-Sonat No 5 for Violin och Piano a-moll notes.pdf
Anders Högstedt,PMLP705905-2. obs EH.pdf
Anders Högstedt,PMLP705905-1. pic fls.pdf
Anders Högstedt,PMLP701454-9. Violini I.pdf
Anders Högstedt,PMLP702200-1. fls.pdf
Anders Högstedt,PMLP701415-Varnatt notes comb.pdf
Anders Högstedt,PMLP687103-Symfoni nr 1 17 Corno V in F.pdf
Anders Högstedt,PMLP649331-7. bones atb 1t.pdf
Anders Högstedt,PMLP701858-10. timp per.pdf
Anders Högstedt,PMLP687103-Symfoni nr 1 04 Oboe I.pdf
Anders Högstedt,PMLP687103-Symfoni nr 1 31 Contrabassi.pdf
Anders Högstedt,PMLP704589-Allegro d-mol notes.pdf
Anders Högstedt,PMLP701454-12. Violoncelli.pdf
Anders Högstedt,PMLP702074-serenade notes comb.pdf
Anders Högstedt,PMLP61246-Sonate No 1 g-moll fur Violine und Piano vn pt.pdf
Anders Högstedt,PMLP705905-13. Cello Violo-(vc)-(SMH-ed)-(SMH-M934).pdf
Anders Högstedt,PMLP702200-13. Contrabbasso.pdf
Anders Högstedt,PMLP123304-Katolsk Messa notes.pdf
Anders Högstedt,PMLP702129-3. cls.pdf
Anders Högstedt,PMLP687103-Symfoni nr 1 29 Viole.pdf
Anders Högstedt,PMLP702129-9. vn1.pdf
Anders Högstedt,PMLP702074-1. fl.pdf
Anders Högstedt,PMLP702074-6. bass tpt.pdf
Anders Högstedt,PMLP701892-5. hns 2Eb 2C.pdf
Anders Högstedt,PMLP123304-13. Contrabassi.pdf
Anders Högstedt,PMLP649331-DIe Wallfahrt nach Kevlaar-KlaverutdragP notes.pdf
Anders Högstedt,PMLP701858-4. Hns Eb.pdf
Anders Högstedt,PMLP704497-Fantasie for Pianoforte a 4 score.pdf
Anders Högstedt,PMLP123304-12. Violoncelli.pdf
Anders Högstedt,PMLP687103-Symfoni nr 1 36 Trombone II (incl. Horns V & VI).pdf
Anders Högstedt,PMLP689422-downloadMedia.php?m=857&f=Johnsen Hinrich Philip-Concerto per due Fagotti Viole-(parts)-(SMH-ed)-(SMH-M857).pdf
Anders Högstedt,PMLP701858-12. euph tubas.pdf
Anders Högstedt,PMLP701858-1. fls piccs.pdf
Anders Högstedt,PMLP123304-Katolsk Messa pvs score.pdf
Anders Högstedt,PMLP701892-10. Violin 2.pdf
Anders Högstedt,PMLP649331-DIe Wallfahrt nach Kevlaar-(score).pdf
Anders Högstedt,PMLP701892-12. Violoncello.pdf
Anders Högstedt,"PMLP705905-Breaking Waves, Symphonic Picture score.pdf"
Anders Högstedt,PMLP702087-10. vn2.pdf
Anders Högstedt,PMLP687103-Symfoni nr 1 07 Clarinetto I.pdf
Anders Högstedt,PMLP687103-Symfoni nr 1 27 Violini I.pdf
Anders Högstedt,PMLP701858-Fest arr score.pdf
Anders Högstedt,PMLP702129-8. timp.pdf
Anders Högstedt,PMLP701713-Hagg Jakob alb vc 2.pdf
Anders Högstedt,PMLP649331-9. Violini 1-(parts)-(SMH-ed)-(SMH-M1042).pdf
Anders Högstedt,PMLP702129-6. tpts Eb E.pdf
Anders Högstedt,PMLP701454-7. bones.pdf
Anders Högstedt,PMLP702087-2. obs.pdf
Anders Högstedt,PMLP116899-Sonate No 3 g-moll for Violin og Pianofo notes.pdf
Anders Högstedt,PMLP701892-13. Basso.pdf
Anders Högstedt,PMLP706953-Randel Andreas-VIolinkonert nr 1 score.pdf
Anders Högstedt,PMLP701858-Fest arr notes comb.pdf
Anders Högstedt,PMLP702129-Nordische Symphonie notes comb.pdf
Anders Högstedt,PMLP704579-Im April score.pdf
Anders Högstedt,PMLP702200-12. Violoncello.pdf
Anders Högstedt,PMLP702200-2. obs.pdf
Anders Högstedt,PMLP701443-Snöfrid znotes comb.pdf
Anders Högstedt,PMLP120113-Sonat No 5 for Violin och Piano a-moll vn pt.pdf
Anders Högstedt,PMLP704622-piece dmoll score.pdf
Anders Högstedt,PMLP704584-Liebeshoffnung score.pdf
Anders Högstedt,PMLP706953-1. fl.pdf
Anders Högstedt,PMLP701454-2. obs.pdf
Anders Högstedt,PMLP705905-5. hns.pdf
Anders Högstedt,"PMLP701454-8. timp, tri.pdf"
Anders Högstedt,PMLP702129-10. vn2.pdf
Anders Högstedt,PMLP702200-vn concerto notes comb.pdf
Anders Högstedt,PMLP116899-Sonate No 3 g-moll for Violin og Pianofo vn pt.pdf
Anders Högstedt,PMLP123304-5. hns.pdf
Anders Högstedt,PMLP702123-Cantata vs score.pdf
Anders Högstedt,PMLP706953-12. cb.pdf
Anders Högstedt,PMLP704589-Allegro d-mol score.pdf
Anders Högstedt,PMLP706453-1. fls 2also pic.pdf
Anders Högstedt,PMLP689422-Johnsen Hinrich Philip-Concerto per due Fagotti Fagotto 2-(parts)-(SMH-ed)-(SMH-M854).pdf
Anders Högstedt,PMLP649331-10. Violini 2-(parts)-(SMH-ed)-(SMH-M1043).pdf
Anders Högstedt,PMLP701892-11. Viola.pdf
Anders Högstedt,PMLP701858-4. cls Bb.pdf
Anders Högstedt,PMLP702410-Serenade notes comb.pdf
Anders Högstedt,PMLP702129-5. hns 2Eb 2BbE.pdf
Garbrecht,PMLP44142-IMSLP18634-M LLER Peter - Quintetto-3 Horn (E).pdf
Garbrecht,"PMLP732000-WGoldner Suite moderne No.2, Op.39.pdf"
Garbrecht,PMLP982386-Le Beau op.15 Klaviertrio.pdf
Garbrecht,PMLP819803-Siemers op.67 Vier Salonstuecke Nr.4 PPN733240151.pdf
Garbrecht,PMLP623929-Witte op.04 Vier Impromptus.pdf
Garbrecht,SIBLEY1802.15776.913a-39087009091796cello3.pdf
Garbrecht,SIBLEY1802.5459.13840.137c-39087011175124piano1.pdf
Garbrecht,PMLP44142-IMSLP18634-M LLER Peter - Quintetto-3 Flute.pdf
Garbrecht,PMLP44141-IMSLP18633-M LLER Peter - Quintetto-2 Clarinet (Bb).pdf
Garbrecht,"PMLP496374-HvHerzogenberg Fantastische Tänze, Op.9.pdf"
Garbrecht,"PMLP36549-Liszt, Oratorio Christus, Part III.pdf"
Garbrecht,SIBLEY1802.15776.9e58-39087009091796cello1.pdf
Garbrecht,"Sauer - 4 Klavierstücke, Op.5.pdf"
Garbrecht,"PMLP569009-JRaff 10 Gesänge für Männerchor, Op.97 book1.pdf"
Garbrecht,PMLP675602-Album deutscher Tondichter Julius Bauer 1877.pdf
Garbrecht,"PMLP568384-JRaff 10 Gesänge, Op.195 book1.pdf"
Garbrecht,PMLP44142-IMSLP18634-M LLER Peter - Quintetto-3 Oboe.pdf
Garbrecht,"PMLP584602-JZellner Symphony, Op.7 piano4hands.pdf"
Garbrecht,"PMLP569009-JRaff 10 Gesänge für Männerchor, Op.97 book1 (etc).pdf"
Garbrecht,PMLP44141-IMSLP18633-M LLER Peter - Quintetto-2 Horn (Eb).pdf
Garbrecht,PMLP134801-Raff SQ 4 sc.pdf
Garbrecht,"PMLP465130-KALorenz 3 Walzer, Op.8.pdf"
Garbrecht,PMLP04291-Bach - 6 Suites for Cello solo (Hausmann).pdf
Garbrecht,PMLP819803-Siemers op.67 Vier Salonstuecke Nr.2 PPN733240119.pdf
Garbrecht,PMLP961241-Wolf Doppelfuge.pdf
Garbrecht,"PMLP1155703-Raff Symphony No.4 in G minor, Op.167 - Violins II.pdf"
Garbrecht,PMLP675609-FPLachner Praeludium in A minor Album deutscher Tondichter Julius Bauer 1877.pdf
Garbrecht,PMLP36549-Liszt Christus Oratorium Kahnt Teil2.pdf
Garbrecht,PMLP819803-Siemers op.67 Vier Salonstuecke Nr.3 PPN733240135.pdf
Garbrecht,"PMLP1005362-JLang 6 Deutsche Lieder, Op.27 Book1.pdf"
Garbrecht,Pembaur ErsteLateinischeMesse Alt.pdf
Garbrecht,"PMLP235477-Klauwell, Otto, Variations, Op.22.pdf"
Garbrecht,"PMLP669940-FWullner Violin Sonata, Op.30 score-part.pdf"
Garbrecht,PMLP219023-Liszt - Die Glocken des Strassburger Münsters.pdf
Garbrecht,"PMLP1155703-Raff Symphony No.4 in G minor, Op.167 - Clarinet 1-2 (Bb,A).pdf"
Garbrecht,"PMLP569133-JRaff 10 Gesänge für Männerchor, Op.122 book1.pdf"
Garbrecht,Satter - Op.2.pdf
Garbrecht,Draeseke op.05 Valse-Nocturne and Valse-Scherzo.pdf
Garbrecht,Pembaur ZweiteLateinischeMesse Orgelauszug.pdf
Garbrecht,PMLP44140-IMSLP18632-M LLER Peter - Quintetto-1 Oboe.pdf
Garbrecht,PMLP36549-Liszt Christus Complete Score.pdf
Garbrecht,PMLP856985-MayerE op.31 Ungaraise PPN875716814.pdf
Garbrecht,"PMLP1029004-JRaff Fest-Ouverture, Op.124 colorcover.pdf"
Garbrecht,"PMLP219023-FLiszt Die Glocken des Strassburger Münsters, S.6 vocalscore.pdf"
Garbrecht,Scharwenka - trio no2 - score.pdf
Garbrecht,PMLP669940-Wull vs 30.pdf
Garbrecht,PMLP24518-Gold 9 pts Gotth.pdf
Garbrecht,"PMLP982106-FGumbert Recitatif und Arioso, Op.103.pdf"
Garbrecht,"PMLP517040-G.H. Witte, Fünf Lieder op. 6 Gesamt.pdf"
Garbrecht,PMLP207618-IBronsart Romanze scorepart firstedition.pdf
Garbrecht,"MÜLLER, Peter - Quintetto-2.pdf"
Garbrecht,"PMLP1155703-Raff Symphony No.4 in G minor, Op.167 - Orch. Parts.pdf"
Garbrecht,"PMLP620097-AGulker Jugendtraum, Op.1 NMZ 1881 3.pdf"
Garbrecht,PMLP103865-vogel-liederop21nos3-4.pdf
Garbrecht,"PMLP569133-JRaff 10 Gesänge für Männerchor, Op.122 book1 (etc).pdf"
Garbrecht,PMLP615129-Ruf S op 13 pd.pdf
Garbrecht,"PMLP1029004-JRaff Fest-Ouverture, Op.124 piano4hands.pdf"
Garbrecht,PMLP827587-Gramm Opera.pdf
Garbrecht,PMLP527159-rubner concert g moll v p.pdf
Garbrecht,"PMLP568384-JRaff 10 Gesänge, Op.195 book1 (etc).pdf"
Garbrecht,Scharwenka - trio no2 - parts.pdf
Garbrecht,"PMLP1196816-MZenger 8 Kleine Lieder, Op.3.pdf"
Garbrecht,PMLP55581-Liszt Elegie No.2 S197 Cello Piano.pdf
Garbrecht,"PMLP1183667-JRaff De Profundis, Op.141 vocalscore.pdf"
Garbrecht,PMLP459335-lange.pdf
Garbrecht,"PMLP568384-JRaff 10 Gesänge, Op.195 book2.pdf"
Garbrecht,PMLP684335-kletzer vc p.pdf
Garbrecht,"PMLP1155703-Raff Symphony No.4 in G minor, Op.167 - Violins I.pdf"
Garbrecht,"PMLP623938-G.H. Witte, Drei Lieder für eine Singstimme op. 10, Nr. 1-3.pdf"
Garbrecht,"PMLP1155703-JRaff Symphony No.4, Op.167 fullscore.pdf"
Garbrecht,PMLP44140-IMSLP18632-M LLER Peter - Quintetto-1 Clarinet (Bb).pdf
Garbrecht,PMLP430691-ReineckeLiederOp29No2.pdf
Garbrecht,PMLP11059-b10311853.pdf
Garbrecht,PMLP1172282-Grecki - Capriccietto VLC.pdf
Garbrecht,PMLP159208-Witte pqt pno.pdf
Garbrecht,PMLP44140-IMSLP18632-M LLER Peter - Quintetto-1 Horn (Eb).pdf
Garbrecht,PMLP459335-langecover.pdf
Garbrecht,"PMLP503073-G.H.Witte, Deux Morceaux Caracteristiques, op.11.pdf"
Garbrecht,"PMLP1263287-JWHarmston Cello Sonata No.1, Op.203 score.pdf"
Garbrecht,"PMLP1003411-JLang 5 Lieder aus dem Trompeter von Säckingen, Op.45 improved.pdf"
Garbrecht,PMLP924847-Cello.pdf
Garbrecht,PMLP235358-Liszt Offertorium v p cmplt.pdf
Garbrecht,"PMLP139293-JRaff 2 Caprices, Op.111 No.2.pdf"
Garbrecht,PMLP263332-Fehland.pdf
Garbrecht,PMLP1172282-Grecki - Capriccietto KLV.pdf
Garbrecht,"PMLP1005362-JLang 6 Deutsche Lieder, Op.27 Book2.pdf"
Garbrecht,PMLP44141-IMSLP18633-M LLER Peter - Quintetto-2 Flute.pdf
Garbrecht,PMLP44141-IMSLP18633-M LLER Peter - Quintetto-2 Bassoon.pdf
Garbrecht,PMLP163327-1ST QUARTET.pdf
Garbrecht,PMLP886334-Rheinberger op.45 Nr.1 Scherzoso.pdf
Garbrecht,"PMLP1008878-JLang 2 Lieder, Op.34 35 improved.pdf"
Garbrecht,PMLP59989-Raff Piano Quintet Op107 violoncello.pdf
Garbrecht,"PMLP139293-JRaff 2 Caprices, Op.111 No.2 color.pdf"
Garbrecht,PMLP430691-ReineckeLiederOp29No3.pdf
Garbrecht,"PMLP1155703-Raff Symphony No.4 in G minor, Op.167 - Violas.pdf"
Garbrecht,PMLP717813-Kolling PQT Op.1.pdf
Garbrecht,PMLP982386-Le Beau op.15 Klaviertrio col.pdf
Garbrecht,"PMLP924847-RThiele String Quartet No.1 in Comic Style, Op.27 parts.pdf"
Garbrecht,PMLP477109-Weimer-Ziegfeld.pdf
Garbrecht,"PMLP219023-FLiszt Die Glocken des Strassburger Münsters, S.6 fullscore.pdf"
DCM,PMLP700785-25. zcomb.pdf
DCM,PMLP700487-1. pic fls.pdf
DCM,PMLP700487-7. tbns.pdf
DCM,PMLP700325-t and v score.pdf
DCM,PMLP701043-49. score.pdf
DCM,PMLP700776-22. score.pdf
DCM,PMLP700728-12. zcomb.pdf
DCM,PMLP580516-9. Violino 1.pdf
DCM,PMLP700676-Gm notes comb.pdf
DCM,PMLP135693-froehlich opus 33 score.pdf
DCM,PMLP700487-30 Klenau Symfoni 9 Contrabbasso.pdf
DCM,PMLP700841-43. zcomb.pdf
DCM,PMLP701078-46b. score.pdf
DCM,PMLP700527-maritana score.pdf
DCM,PMLP700824-38. score.pdf
DCM,PMLP59272-af trio score.pdf
DCM,PMLP59272-af piano score.pdf
DCM,PMLP579894-15. pic2.pdf
DCM,PMLP171947-Am score 5.pdf
DCM,PMLP89520-3. clars.pdf
DCM,PMLP700689-GMS sccore 4.pdf
DCM,PMLP700487-sym 9 notes comb.pdf
DCM,PMLP579894-23. per2.pdf
DCM,PMLP700815-35. score.pdf
DCM,PMLP701069-56. score.pdf
DCM,PMLP700791-27. zcomb.pdf
DCM,PMLP700742-16. score.pdf
DCM,PMLP701057-53. score.pdf
DCM,PMLP579894-19. Hns F2.pdf
DCM,PMLP700702-TGP notes comb.pdf
DCM,PMLP700847-45. score.pdf
DCM,PMLP700673-Dm score 1.pdf
DCM,PMLP700668-Hartmann klaver bind 2.pdf
DCM,PMLP700527-1. pic fl.pdf
DCM,PMLP174993-SPONSA score.pdf
DCM,PMLP171947-E431142 286-302-Hartmann klaver bind 2.pdf
DCM,PMLP700824-38. zcomb.pdf
DCM,PMLP700518-20 songs notes comb.pdf
DCM,PMLP700527-6. tpts.pdf
DCM,PMLP700441-emma pp notes comb.pdf
DCM,PMLP701064-55. zcomb.pdf
DCM,PMLP579894-8. LB.pdf
DCM,PMLP700728-12. score.pdf
DCM,PMLP700812-34. zcomb.pdf
DCM,PMLP89520-12. vc.pdf
DCM,PMLP700702-TGP scpre 9.pdf
DCM,PMLP700788-26. score.pdf
DCM,PMLP59272-af orch score.pdf
DCM,PMLP701060-54. zcomb.pdf
DCM,PMLP580516-2. obs.pdf
DCM,PMLP700699-DPC notes comb.pdf
DCM,PMLP135693-froehlich opus 33 sup comb.pdf
DCM,PMLP700853-47. score.pdf
DCM,PMLP89520-heise notes comb.pdf
DCM,PMLP89520-10. vn 2.pdf
DCM,PMLP579894-18. bns2.pdf
DCM,PMLP700776-22. zcomb.pdf
DCM,PMLP700673-Dm comb.pdf
DCM,PMLP701060-54. score.pdf
DCM,PMLP579894-3. Oboe.pdf
DCM,PMLP700794-28. score.pdf
DCM,PMLP700844-44. zcomb.pdf
DCM,PMLP700767-19. score.pdf
DCM,PMLP700831-40. zcomb.pdf
DCM,PMLP579894-21. Corn A2.pdf
DCM,PMLP171947-Am notes comb.pdf
DCM,PMLP700738-15. zcomb.pdf
DCM,PMLP700487-9. timp per.pdf
DCM,PMLP579894-20. tpts f2.pdf
DCM,PMLP89520-7. tbns.pdf
DCM,PMLP701052-52. zcomb.pdf
DCM,PMLP700818-36. zcomb.pdf
DCM,PMLP701040-48. score.pdf
DCM,PMLP700695-Cap notes comb.pdf
DCM,PMLP700738-15. score.pdf
DCM,PMLP700797-29. zcomb.pdf
DCM,PMLP700834-41. zcomb.pdf
DCM,PMLP700689-GMS notes comb.pdf
DCM,PMLP701057-53. zcomb.pdf
DCM,PMLP700709-SPS notes comb.pdf
DCM,PMLP700779-23. zcomb.pdf
DCM,PMLP700683-FM score 3.pdf
DCM,PMLP579894-17. cls C2.pdf
DCM,PMLP579894-7. tpts FFFE.pdf
DCM,PMLP700322-quartet score.pdf
DCM,PMLP700325-t and v comb.pdf
DCM,PMLP700837-42. zcomb.pdf
DCM,PMLP700683-FM notes comb.pdf
DCM,PMLP89520-5. hns.pdf
DCM,PMLP700827-39. score.pdf
DCM,PMLP700791-27. score.pdf
DCM,PMLP579894-1. picc fl.pdf
DCM,PMLP700779-23. score.pdf
DCM,PMLP700487-8. tuba.pdf
DCM,PMLP89520-11. va.pdf
DCM,PMLP700441-emma pp score.pdf
DCM,PMLP580516-5. hns E.pdf
DCM,PMLP579894-10. vn1.pdf
DCM,PMLP701049-51. score.pdf
DCM,PMLP580516-3. clsA.pdf
Breitkopf und Härtel,SIBLEY1802.10830.1ed3-39087004903466color cover.pdf
Breitkopf und Härtel,Balakirev - Overture on Czech Themes (two pianos reduction).pdf
Breitkopf und Härtel,PMLP509373-For vinden danser.pdf
Breitkopf und Härtel,PMLP744651-Suter ViolinConcertoOp23 Violin.pdf
Breitkopf und Härtel,Friedman ballade op66.pdf
Breitkopf und Härtel,SIBLEY1802.12498.6813-39087009305626score pp 1-60.pdf
Breitkopf und Härtel,SIBLEY1802.7006.18527.0e2f-39087009088719vn.pdf
Breitkopf und Härtel,PMLP487780-Donk Violinsonate mono.pdf
Breitkopf und Härtel,PMLP58803-Beethoven L - Op 75 No 3 Once Upon a Time There was a King (arr. Stravinsky).pdf
Breitkopf und Härtel,SIBLEY1802.8691.85d2-39087009399405score.pdf
Breitkopf und Härtel,PMLP775729-PMLUS00378-Sorabji PianoSonataNo1.pdf
Breitkopf und Härtel,SIBLEY1802.7233.eb04-39087009329881cello.pdf
Breitkopf und Härtel,SIBLEY1802.18042.8a43-39087009030992violin.pdf
Breitkopf und Härtel,"PMLP715777-JZellner Piano Quartet, Op.23 score parts BSB.pdf"
Breitkopf und Härtel,PMLP692320-Drdla LaPoupeeOp92 Violin.pdf
Breitkopf und Härtel,Mielck - 3 Fantasy Pieces on Finnish Polska Motifs.pdf
Breitkopf und Härtel,PMLP258069-Mayer Emilie-Drei Lieder Op 7 Barnewitz 7533 0.pdf
Breitkopf und Härtel,PMLP705318-Hagg Jakob Adolf-Kanonische Suite-(pno)-(SMH-M241).pdf
Breitkopf und Härtel,SIBLEY1802.27569.e6ea-39087009417355 violin2.pdf
Breitkopf und Härtel,PMLP1005366-JLang 6 Deutsche Lieder Op.40 bk1.pdf
Breitkopf und Härtel,SIBLEY1802.7006.18531.1439-39087009088719score pp1-30.pdf
Breitkopf und Härtel,PMLP140703-Gernsheim op.86 Violinkonzert Nr.2 piano part Zim.pdf
Breitkopf und Härtel,PMLP696756-sch sq 19 pts.pdf
Breitkopf und Härtel,PMLP444827-unger nacht.pdf
Breitkopf und Härtel,PMLP935320-ed wagner musikalische ornamentik.pdf
Breitkopf und Härtel,SIBLEY1802.10197.e7e5-39087004876118score.pdf
Breitkopf und Härtel,PMLP487780-Donk VS pub 1919 ed.pdf
Breitkopf und Härtel,PMLP716250-Sannemann FruehlingswebenOp29.pdf
Breitkopf und Härtel,"PMLP526741-CVollweiler Trio concertant sur des airs nationaux hongrois, Op.34 cello.pdf"
Breitkopf und Härtel,"PMLP586864-Aloiz, Ladislas - 51 Quatre Morceaux Op.51.pdf"
Breitkopf und Härtel,PMLP937724-Tinyakov Op.3.pdf
Breitkopf und Härtel,PMLP937728-Tinyakov Op.6-2.pdf
Breitkopf und Härtel,PMLP740414-Graedener Cello Concerto No2 Op47 Cello.pdf
Breitkopf und Härtel,PMLP369227-sinding am spinett op 122.pdf
Breitkopf und Härtel,Ljapunov - Op. 27 - Piano Sonata.pdf
Breitkopf und Härtel,PMLP125678-Cowen 4th Symphony reduced.pdf
Breitkopf und Härtel,"PMLP1338681-HPfitzner Das dunkle Reich, Op.38 vocal-score.pdf"
Breitkopf und Härtel,PMLP739535-PMLUS00304-JBordewijk-Roepman Violin Sonata.pdf
Breitkopf und Härtel,PMLP56091-Werner - Duo Concertante Op56 cello1.pdf
Breitkopf und Härtel,SIBLEY1802.7006.18534.a2bb-39087009088719cb.pdf
Breitkopf und Härtel,PMLP212442-Straesser - 27 - Symphony d fs.pdf
Breitkopf und Härtel,"PMLP462214-KALorenz Piano Sonata, Op.10.pdf"
Breitkopf und Härtel,SIBLEY1802.12498.252b-39087009305626color cover.pdf
Breitkopf und Härtel,SIBLEY1802.7233.c7ee-39087009329881viola.pdf
Breitkopf und Härtel,PMLP955325-Mani FLC psc.pdf
Breitkopf und Härtel,SIBLEY1802.12996.e9c9-39087009470867no 3.pdf
Breitkopf und Härtel,PMLP955821-Kryjanowsky BalladeOp11 Piano.pdf
Breitkopf und Härtel,SIBLEY1802.7233.a26b-39087009329881horn.pdf
Breitkopf und Härtel,SIBLEY1802.7006.18529.9679-39087009088719va.pdf
Breitkopf und Härtel,"PMLP898956-JMüller-Hermann 2 Frauenchöre, Op.10 fullscore.pdf"
Breitkopf und Härtel,SIBLEY1802.10185.314a-39087004874857score.pdf
Breitkopf und Härtel,"PMLP197701-RRössler Flute Sonata, Op.15 scorepart.pdf"
Breitkopf und Härtel,PMLP09270-Rachmaninov - 27 - Symphony n.2 e fs (ed.Gutheil).pdf
Breitkopf und Härtel,"PMLP795923-OFetras Sang und Tanz vom Böhmerland, Op.219 colorcover.pdf"
Breitkopf und Härtel,PMLP429702-Klenau Drei Stimmungen.pdf
Breitkopf und Härtel,PMLP110685-Goldmark - Das Heimchen am Herd VS UNC.pdf
Breitkopf und Härtel,PMLP715777-Zell quartetto OP23.pdf
Breitkopf und Härtel,"PMLP950529-JWeismann Tanz-Fantaisie, Op.35.pdf"
Breitkopf und Härtel,"PMLP374526-AKlughardt Suite, Op.40 fs.pdf"
Breitkopf und Härtel,PMLP472395-Schaefer - 04 - Violin sonata (part).pdf
Breitkopf und Härtel,"PMLP898958-JMüller-Hermann Deutscher Schwur, Op.22 fullscore.pdf"
Breitkopf und Härtel,PMLP1005366-JLang 6 Deutsche Lieder Op.40 bk2.pdf
Breitkopf und Härtel,PMLP153850-GPeters.pdf
Breitkopf und Härtel,SIBLEY1802.17832.aafc-39087009266174score.pdf
Breitkopf und Härtel,PMLP200516-jroentgen sonate op.56 vc.pdf
Breitkopf und Härtel,PMLP740414-Graedener Cello Concerto No2 Op47 Piano.pdf
Breitkopf und Härtel,PMLP487780-Donk VS v.pdf
Breitkopf und Härtel,SIBLEY1802.16622.e136-39087004871382violin.pdf
Breitkopf und Härtel,SIBLEY1802.18621.876c-39087009397722score.pdf
Breitkopf und Härtel,"PMLP795923-OFetras Sang und Tanz vom Böhmerland, Op.219.pdf"
Breitkopf und Härtel,PMLP708583-Weiner.pdf
Breitkopf und Härtel,SIBLEY1802.8923.8666-39087008994487violin.pdf
Breitkopf und Härtel,SIBLEY1802.12996.5d4d-39087009470867color cover.pdf
Breitkopf und Härtel,PMLP376279-Reznicek Sinfonie Nr.5 1.Polonaise fs.pdf
Breitkopf und Härtel,"PMLP715777-JZellner Piano Quartet, Op.23 score parts.pdf"
Breitkopf und Härtel,PMLP744651-Suter ViolinConcertoOp23 Piano.pdf
Breitkopf und Härtel,PMLP167554-SIBLEY1802.12996.2896-39087009470867no 1 (etc).pdf
Breitkopf und Härtel,PMLP52725-Herrmann Sextet Op33 parts.pdf
Breitkopf und Härtel,"PMLP1005366-JLang 6 Deutsche Lieder, Op.40 original.pdf"
Breitkopf und Härtel,PMLP376279-Reznicek Sinfonie Nr.5 3.Laendler fs.pdf
Breitkopf und Härtel,SIBLEY1802.3712.9516-39087023685680vln.pdf
Breitkopf und Härtel,PMLP200516-jroentgen sonate op.56 vc po.pdf
Breitkopf und Härtel,SIBLEY1802.7233.3a3c-39087009329881violin 2.pdf
Breitkopf und Härtel,SIBLEY1802.12498.4cfd-39087009305626score pp 61-end.pdf
Breitkopf und Härtel,PMLP692320-Drdla LaPoupeeOp92 Piano.pdf
Breitkopf und Härtel,SIBLEY1802.7233.7f25-39087009329881bassoon.pdf
Breitkopf und Härtel,SIBLEY1802.7006.18533.ffe5-39087009088719cc.pdf
Breitkopf und Härtel,SIBLEY1802.16622.471c-39087004871382score.pdf
Breitkopf und Härtel,PMLP376279-Reznicek Sinfonie Nr.5 2.Csardas fs.pdf
Breitkopf und Härtel,PMLP53026-Lortzing Der Waffenschmied Peters vs.pdf
Breitkopf und Härtel,"Balakirev - Piano Concerto in E-flat Major, Mvt.I (1911 two piano reduction).pdf"
Breitkopf und Härtel,PMLP665418-Krein A - Boqer.pdf
Breitkopf und Härtel,"PMLP529327-CVollweiler Piano Sonata No.2, Op.40.pdf"
Breitkopf und Härtel,PMLP56091-Werner - Duo Concertante Op56 piano.pdf
Breitkopf und Härtel,SIBLEY1802.21116.67d0-39087011132745score.pdf
Breitkopf und Härtel,PMLP110685-CGoldmark Das Heimchen am Herd prelude act3 violinpiano.pdf
Breitkopf und Härtel,"PMLP957767-IBronsart 5 Weihnachtslieder, Op.11.pdf"
Breitkopf und Härtel,PMLP622998-736.pdf
Breitkopf und Härtel,PMLP509373-Forraar - Det var först.pdf
Breitkopf und Härtel,"PMLP1241058-JZellner Piano Trio No.2, Op.25 score-parts.pdf"
Engelmann,PMLP997965-Vl son.pdf
Engelmann,Faehrmann.pdf
Engelmann,"PMLP1394493-HFahrmann Gottsucher-Lieder, Op.82 No.3.pdf"
Engelmann,"PMLP46080-Fibich, Quintetto (Vl, Vc, Cl, Hr, Piano) P.pdf"
Engelmann,"PMLP1002344-JLang Gruss in die Ferne, Op.44 original.pdf"
Engelmann,PMLP936273-duette.pdf
Engelmann,"PMLP1268011-MBrauer Funerale, Op.11.pdf"
Engelmann,PMLP564185-386995753.pdf
Engelmann,SIBLEY1802.22556.e98d-39087012432300Compositions.pdf
Engelmann,PMLP143644-Fibich Moods Impressions and Souvenirs Op47 Bk6.pdf
Engelmann,PMLP996617-MKralik Prinz Eugenius.pdf
Engelmann,"PMLP1394493-HFahrmann Gottsucher-Lieder, Op.83 Nos.1-6.pdf"
Engelmann,PMLP169565-weisserosen.pdf
Engelmann,SIBLEY1802.6556.17013.55c0-39087008670616violin2.pdf
Engelmann,PMLP564373-407507957.pdf
Engelmann,PMLP564371-407506756.pdf
Engelmann,PMLP205325-kistler mannerchore1878op42.pdf
Engelmann,SIBLEY1802.6556.17011.efef-39087008670616viola.pdf
Engelmann,"PMLP1394493-HFahrmann Gottsucher-Lieder, Op.84 No.2.pdf"
Engelmann,PMLP572561-1417519844bsb00082678.6-18.pdf
Engelmann,"PMLP811916-OGrosse Andante religioso, Op.28.pdf"
Engelmann,PMLP149183-IMSLP341777-PMLP16592-FWCowen Symphony No.3 Cellos Basses.pdf
Engelmann,PMLP564405-407522654.pdf
Engelmann,PMLP877661-Beau op.08 Klaviersonate.pdf
Engelmann,PMLP1149245-Helga - Pad Arkuna Pt 1 - Fibich.pdf
Engelmann,PMLP816726-Cahn SerenadeOp19 Piano.pdf
Engelmann,PMLP1362352-foerster op3 urbanek violin1.pdf
Engelmann,PMLP149183-IMSLP341777-PMLP16592-FWCowen Symphony No.3 Oboes English Horn.pdf
Engelmann,PMLP564402-407522034.pdf
Engelmann,PMLP816726-Cahn SerenadeOp19 Violin.pdf
Engelmann,"PMLP810893-OGrosse Romanze, Op.42.pdf"
Engelmann,PMLP132956-4122.Chvala-SQinDm.pts.pdf
Engelmann,PMLP1362352-foerster op3 urbanek cello.pdf
Engelmann,"PMLP624235-FWullner 4 Lieder, Op.38.pdf"
Engelmann,PMLP149183-IMSLP341777-PMLP16592-FWCowen Symphony No.3 Violin I.pdf
Engelmann,PMLP1362352-foerster op3 urbanek viola.pdf
Engelmann,Pembaur DritteLateinischeMesse Tenor.pdf
Engelmann,Pembaur DritteLateinischeMesse Orgel.pdf
Engelmann,"PMLP1394680-HFahrmann Salvum fac regem, Op.26.pdf"
Engelmann,"PMLP1183125-FWullner 6 Lieder, Op.34.pdf"
Engelmann,PMLP149183-IMSLP341777-PMLP16592-FWCowen Symphony No.3 Basses.pdf
Engelmann,"PMLP936273-LALeBeau 2 Duette, Op.6.pdf"
Engelmann,"PMLP458573-CBenker 6 Fantasie-Orgelstücke, Op.20.pdf"
Engelmann,"PMLP569649-HWJStober 12 Nachspiele, Op.8.pdf"
Engelmann,PMLP149183-IMSLP341777-PMLP16592-FWCowen Symphony No.3 Timpani.pdf
Engelmann,PMLP688938-Reinhold MiniaturesOp41Score.pdf
Engelmann,Pembaur DritteLateinischeMesse Alt.pdf
Engelmann,PMLP996617-MvKralik Prinz Eugenius-Des Kaisers Urteil.pdf
Engelmann,"PMLP1004735-JLang 5 Gesange, Op.43 improved.pdf"
Engelmann,PMLP686760-Reinhold op.32 Konzertovertuere fs.pdf
Engelmann,"PMLP869200-JHuber Durch Dunkel zum Licht, Op.10 fullscore.pdf"
Engelmann,PMLP143644-Fibich Moods Impressions and Souvenirs Op47 Bk9.pdf
Engelmann,PMLP149183-IMSLP341777-PMLP16592-FWCowen Symphony No.3 Violin II.pdf
Engelmann,"PMLP450895-HFahrmann Organ Sonata No.3, Op.17.pdf"
Engelmann,"PMLP1394674-HFahrmann 7 Spruche, Op.45.pdf"
Engelmann,"PMLP1002357-JLang Deutscher Sieges-Marsch, Op.48 improved.pdf"
Engelmann,"PMLP805070-HFahrmann Ein feste Burg ist unser Gott, Op.28.pdf"
Engelmann,PMLP997911-MvKralik Blumenlieder.pdf
Engelmann,SIBLEY1802.13743.d091-39087011294214color cover.pdf
Engelmann,PMLP143644-Fibich Moods Impressions and Souvenirs Op47 Bk3.pdf
Engelmann,PMLP738967-Schytte PianoSonataOp53.pdf
Engelmann,PMLP143644-Fibich Moods Impressions and Souvenirs Op47 Bk4.pdf
Engelmann,"PMLP128026-Kistler, Cyrill. Große Fantasie für Konzertharmonium, Op.77. Mono.pdf"
Engelmann,PMLP149183-IMSLP341777-PMLP16592-FWCowen Symphony No.3 Viola.pdf
Engelmann,PMLP1030881-Fibich op.26 Noc na Karlstenje fs.pdf
Engelmann,"PMLP1002948-JLang 2 Mazurkas, Op.49 original.pdf"
Engelmann,"PMLP524335-CKistler Rhönklänge, Op.16 secondedition.pdf"
Engelmann,PMLP149183-IMSLP341777-PMLP16592-FWCowen Symphony No.3 Horns (for Mov.2).pdf
Engelmann,PMLP446022-Gruenfeld Lied op10.pdf
Engelmann,"PMLP1184357-CReinecke 2 Kleine Fantasien, Op.221 No.2.pdf"
Engelmann,"PMLP839901-HCCrane Piano Trio, Op.20 score parts.pdf"
Engelmann,"PMLP524331-CKistler Siechen-Polka, Op.9 2dedition.pdf"
Engelmann,PMLP149183-IMSLP341777-PMLP16592-FWCowen Symphony No.3 Trombones.pdf
Engelmann,PMLP630446-Hill Henk pno.pdf
Engelmann,"PMLP1002951-JLang In der Dammerung, Op.50 improved.pdf"
Engelmann,"PMLP128026-Kistler, Cyrill. Große Fantasie für Konzertharmonium, Op.77.pdf"
Engelmann,PMLP149183-IMSLP341777-PMLP16592-FWCowen Symphony No.3 Bassoons.pdf
Engelmann,PMLP996617-MvKralik Prinz Eugenius-Das Grabmal.pdf
Engelmann,"PMLP451268-HFahrmann Organ Sonata No.12, Op.65.pdf"
Engelmann,"PMLP1393727-HFahrmann 10 Kleine Lieder, Op.32 Book2.pdf"
Engelmann,"PMLP258050-EMayer Faust-Ouverture, Op.46 piano4hands.pdf"
Engelmann,PMLP149183-IMSLP341777-PMLP16592-FWCowen Symphony No.3 Cellos.pdf
Engelmann,PMLP181739-39087004966570score.pdf
Engelmann,"PMLP523928-CKistler 3 Lieder, Op.20.pdf"
Engelmann,PMLP149183-IMSLP341777-PMLP16592-FWCowen Symphony No.3 Horns.pdf
Engelmann,PMLP1048028-Scahll qt.pdf
Engelmann,PMLP149183-IMSLP341777-PMLP16592-FWCowen Symphony No.3 Clarinets (Bb).pdf
Engelmann,SIBLEY1802.13743.25b7-39087011294214scorepp51-end.pdf
Engelmann,"PMLP1002951-JLang In der Dammerung, Op.50 original.pdf"
Engelmann,"PMLP46080-Fibich, Quintetto (Vl, Vc, Cl, Hr, Piano) Vl.pdf"
Engelmann,"PMLP489890-LHenkemeyer Festmarsch, Op.8.pdf"
Engelmann,Goetz Piano Concerto No.2 op.18 2pianos.pdf
Engelmann,PMLP143644-Fibich Moods Impressions and Souvenirs Op47 Bk7.pdf
Engelmann,"PMLP46080-Fibich, Quintetto (Vl, Vc, Cl, Hr, Piano) Vl2(=Cl).pdf"
Engelmann,"PMLP523926-CKistler 3 Lieder, Op.14.pdf"
Engelmann,"PMLP205325-CKistler 3 Männerchöre, Op.42 bw.pdf"
Engelmann,PMLP724488-Woyrsch op69.pdf
Engelmann,"PMLP1393541-HFarhmann 16 Choralvorspiele, Op.59 Book2.pdf"
Engelmann,"PMLP1394672-HFahrmann 5-Spruche und Psalmen, Op.34 Nos.1-5.pdf"
Engelmann,"PMLP811918-OGrosse Lied ohne Worte, Op.25 1891edition.pdf"
